{
  "base_value": 1000.0,
  "divisor": 474121306.0085799,
  "created_at": "2026-02-17T17:30:19.981296+00:00"
}